Year, GDP ( Billions of US $)
2001,485.4410145
2002,514.9379489
2003,607.6992854
2004,709.1485148
2005,820.3815955
2006,940.2598888
2007,1216.735442
2008,1198.895582
2009,1341.886603
2010,1675.615336
2011,1823.049928
2012,1827.63786
2013,1856.722121
2014,2039.127446
2015,2103.587814
2016,2294.797981
2017,2651.472946
